{
  "layer_colors": {
    "0": 7,
    "Defpoints": 7,
    "标注": 3,
    "DXPM": 7,
    "符号": 9,
    "结构线": 4,
    "填充": 9,
    "断面标高标注": 3,
    "轴线": 9,
    "桩号": 3
  },
  "elements": {
    "lines": [],
    "circles": [],
    "arcs": [],
    "polylines": [
      {
        "vertices": [
          [
            98.56547393788713,
            51.09754528311083
          ],
          [
            98.56547393788713,
            8.161699863477281
          ]
        ],
        "closed": false,
        "layer": "轴线",
        "color": 256
      },
      {
        "vertices": [
          [
            86.1016906735087,
            76.39093906612749
          ],
          [
            110.44784451963568,
            76.39093906612749
          ]
        ],
        "closed": false,
        "layer": "桩号",
        "color": 9
      },
      {
        "vertices": [
          [
            86.1016906735087,
            75.76593906612749
          ],
          [
            110.44784451963568,
            75.76593906612749
          ]
        ],
        "closed": false,
        "layer": "桩号",
        "color": 9
      }
    ],
    "texts": [
      {
        "text": "K0+200",
        "position": [
          88.73128506329857,
          78.08750193089423,
          0.0
        ],
        "height": 4.0,
        "layer": "桩号",
        "color": 256
      },
      {
        "text": "1:25",
        "position": [
          103.72170056305895,
          70.57727130882037,
          0.0
        ],
        "height": 3.2,
        "layer": "桩号",
        "color": 256
      }
    ],
    "dimensions": []
  }
}