{
  "layer_colors": {
    "0": 7,
    "Defpoints": 7,
    "标注": 3,
    "DXPM": 7,
    "符号": 9,
    "结构线": 4,
    "填充": 9,
    "断面标高标注": 3,
    "轴线": 9,
    "桩号": 3
  },
  "elements": {
    "lines": [],
    "circles": [],
    "arcs": [],
    "polylines": [
      {
        "vertices": [
          [
            9.677294853884803,
            27.69303767933745
          ],
          [
            54.865668031379016,
            27.63842624652027
          ],
          [
            134.86566803137902,
            27.541744010921705
          ],
          [
            186.3130005676059,
            27.479568471857804
          ]
        ],
        "closed": false,
        "layer": "DXPM",
        "color": 256
      }
    ],
    "texts": [
      {
        "text": "地面线",
        "position": [
          161.94192704581582,
          23.43325428950544,
          0.0
        ],
        "height": 3.0,
        "layer": "标注",
        "color": 256
      }
    ],
    "dimensions": []
  }
}