{
  "layer_colors": {
    "0": 7,
    "Defpoints": 7,
    "标注": 3,
    "DXPM": 7,
    "符号": 9,
    "结构线": 4,
    "填充": 9,
    "断面标高标注": 3,
    "轴线": 9,
    "桩号": 3
  },
  "elements": {
    "lines": [],
    "circles": [],
    "arcs": [],
    "polylines": [
      {
        "vertices": [
          [
            159.27165996842012,
            27.902248687641134
          ],
          [
            161.56692704581582,
            23.43325428950544
          ],
          [
            173.71104805850263,
            23.41736528185271
          ]
        ],
        "closed": false,
        "layer": "标注",
        "color": 256
      }
    ],
    "texts": [
      {
        "text": "1:1.5",
        "position": [
          163.76264237955994,
          38.54890156318319,
          0.0
        ],
        "height": 2.5,
        "layer": "标注",
        "color": 256
      },
      {
        "text": "1:1.5",
        "position": [
          32.660838592609714,
          37.887633245092154,
          0.0
        ],
        "height": 2.5,
        "layer": "标注",
        "color": 256
      },
      {
        "text": "1:1",
        "position": [
          122.37778062361221,
          47.51548350544178,
          0.0
        ],
        "height": 2.5,
        "layer": "标注",
        "color": 256
      },
      {
        "text": "1:1",
        "position": [
          72.39037229629447,
          50.30951607211968,
          0.0
        ],
        "height": 2.5,
        "layer": "标注",
        "color": 256
      }
    ],
    "dimensions": []
  }
}